Chr,,Start,Ref,Alt,Case_sum,Normal_sum,Gene.refgene,ExonicFunc.refgene,Control_sum,pro,p1,p2,proband
chr16,1391149,1391150,A,C,4,0,BAIAP3,nonsynonymous SNV,1,1,0,1,_1118a.final.bam
chr16,1392744,1392745,G,C,3,0,BAIAP3,nonsynonymous SNV,1,1,1,0,_1118a.final.bam
chr7,25175949,25175950,G,A,1,0,C7orf31,nonsynonymous SNV,1,1,1,0,_1118a.final.bam
chr7,25182371,25182372,G,A,1,0,C7orf31,nonsynonymous SNV,1,1,0,1,_1118a.final.bam
chr12,52788813,52788814,C,T,5,0,KRT82,nonsynonymous SNV,10,1,1,0,_1118a.final.bam
chr12,52790683,52790684,C,T,1,0,KRT82,nonsynonymous SNV,3,1,0,1,_1118a.final.bam
chr7,5633035,5633036,G,A,1,0,FSCN1,nonsynonymous SNV,0,1,1,0,_1156a.final.bam
chr7,5633039,5633040,G,A,2,0,FSCN1,nonsynonymous SNV,0,1,0,1,_1156a.final.bam
chr15,24921149,24921150,C,T,6,0,NPAP1,nonsynonymous SNV,4,1,1,0,_1156a.final.bam
chr15,24922052,24922053,G,T,3,0,NPAP1,nonsynonymous SNV,9,1,0,1,_1156a.final.bam
chr11,55761733,55761734,T,A,4,3,OR5F1,nonsynonymous SNV,6,1,0,1,_1156a.final.bam
chr11,55761866,55761867,G,A,1,2,OR5F1,nonsynonymous SNV,8,1,1,0,_1156a.final.bam
chr13,100925463,100925464,C,G,1,0,PCCA,nonsynonymous SNV,1,1,0,1,_1160a.final.bam
chr13,101167797,101167798,G,C,4,6,PCCA,nonsynonymous SNV,10,1,1,0,_1160a.final.bam
chr15,72023501,72023502,G,A,4,0,THSD4,nonsynonymous SNV,1,1,1,0,_1209a.final.bam
chr15,72057476,72057477,G,A,4,0,THSD4,nonsynonymous SNV,10,1,0,1,_1209a.final.bam
chr1,43651023,43651024,C,G,2,3,WDR65,nonsynonymous SNV,5,1,0,1,_1215a.final.bam
chr1,43664248,43664249,C,T,1,0,WDR65,nonsynonymous SNV,0,1,1,0,_1215a.final.bam
chr11,118769549,118769550,A,C,2,0,BCL9L,nonsynonymous SNV,0,1,0,1,_1218a.final.bam
chr11,118773378,118773379,G,A,1,0,BCL9L,nonsynonymous SNV,0,1,1,0,_1218a.final.bam
chr7,128481577,128481578,A,C,3,0,FLNC,nonsynonymous SNV,9,1,0,1,_1218a.final.bam
chr7,128491323,128491324,C,T,4,0,FLNC,nonsynonymous SNV,4,1,1,0,_1218a.final.bam
chr11,89088184,89088185,G,A,1,0,NOX4,nonsynonymous SNV,2,1,0,1,_1218a.final.bam
chr11,89182685,89182686,T,C,2,1,NOX4,nonsynonymous SNV,6,1,1,0,_1218a.final.bam
chr9,94485970,94485971,G,C,3,4,ROR2,nonsynonymous SNV,4,1,0,1,_1218a.final.bam
chr9,94487105,94487106,G,A,2,0,ROR2,nonsynonymous SNV,0,1,1,0,_1218a.final.bam
chr9,94488901,94488902,G,A,1,0,ROR2,nonsynonymous SNV,0,1,1,0,_1218a.final.bam
chr21,34923200,34923201,C,T,2,0,SON,nonsynonymous SNV,2,1,0,1,_1218a.final.bam
chr21,34923616,34923617,A,G,2,4,SON,nonsynonymous SNV,6,1,1,0,_1218a.final.bam
chr19,9868500,9868501,C,T,1,0,ZNF846,nonsynonymous SNV,0,1,1,0,_1218a.final.bam
chr19,9868685,9868686,T,A,3,1,ZNF846,nonsynonymous SNV,7,1,0,1,_1218a.final.bam
chr5,180030325,180030326,G,A,1,0,FLT4,nonsynonymous SNV,2,1,0,1,_1233a.final.bam
chr5,180046768,180046769,C,T,1,0,FLT4,nonsynonymous SNV,0,1,1,0,_1233a.final.bam
chr12,6630987,6630988,A,G,5,4,NCAPD2,nonsynonymous SNV,5,1,1,0,_1233a.final.bam
chr12,6638141,6638142,T,C,1,1,NCAPD2,nonsynonymous SNV,6,1,0,1,_1233a.final.bam
chr10,7214504,7214505,C,A,3,2,SFMBT2,nonsynonymous SNV,10,1,0,1,_1233a.final.bam
chr10,7423828,7423829,T,G,1,0,SFMBT2,nonsynonymous SNV,0,1,1,0,_1233a.final.bam
chr19,53303181,53303182,T,C,2,0,ZNF28,nonsynonymous SNV,0,1,1,0,_1233a.final.bam
chr19,53303655,53303656,T,A,3,0,ZNF28,nonsynonymous SNV,6,1,0,1,_1233a.final.bam
chr18,34238054,34238055,A,G,1,0,FHOD3,nonsynonymous SNV,0,1,0,1,_1252a.final.bam
chr18,34289080,34289081,G,A,1,0,FHOD3,nonsynonymous SNV,0,1,1,0,_1252a.final.bam
chr1,120468200,120468201,A,T,5,0,NOTCH2,nonsynonymous SNV,4,1,0,1,_1252a.final.bam
chr1,120469146,120469147,T,C,7,2,NOTCH2,nonsynonymous SNV,10,1,1,0,_1252a.final.bam
chr11,55339961,55339962,G,A,1,0,OR4C16,nonsynonymous SNV,3,1,1,0,_1274a.final.bam
chr11,55340375,55340376,G,A,2,0,OR4C16,nonsynonymous SNV,1,1,0,1,_1274a.final.bam
chr21,43496281,43496282,T,C,1,0,UMODL1,nonsynonymous SNV,1,1,1,0,_1274a.final.bam
chr21,43496330,43496331,A,T,1,0,UMODL1,nonsynonymous SNV,0,1,0,1,_1274a.final.bam
chr3,39225584,39225585,C,T,5,1,XIRP1,nonsynonymous SNV,9,1,0,1,_1274a.final.bam
chr3,39226434,39226435,A,G,1,0,XIRP1,nonsynonymous SNV,0,1,1,0,_1274a.final.bam
chr20,18143314,18143315,A,G,1,5,CSRP2BP,nonsynonymous SNV,7,1,1,0,_1384a.final.bam
chr20,18162404,18162405,T,A,2,0,CSRP2BP,nonsynonymous SNV,7,1,0,1,_1384a.final.bam
chr17,4047226,4047227,C,T,1,0,CYB5D2,nonsynonymous SNV,0,1,0,1,_1476a.final.bam
chr17,4060227,4060228,G,A,1,0,CYB5D2,nonsynonymous SNV,0,1,1,0,_1476a.final.bam
chr7,97823116,97823117,G,A,1,0,LMTK2,nonsynonymous SNV,0,1,0,1,_1476a.final.bam
chr7,97833402,97833403,C,T,1,0,LMTK2,nonsynonymous SNV,0,1,1,0,_1476a.final.bam
chr12,121647973,121647974,G,T,5,0,P2RX4,nonsynonymous SNV,0,1,0,1,_1476a.final.bam
chr12,121660769,121660770,G,A,1,0,P2RX4,nonsynonymous SNV,0,1,1,0,_1476a.final.bam
chr8,144993490,144993491,G,A,1,0,PLEC,nonsynonymous SNV,0,1,1,0,_1476a.final.bam
chr8,144999498,144999499,C,T,3,0,PLEC,nonsynonymous SNV,2,1,0,1,_1476a.final.bam
chr11,58978464,58978465,G,A,1,0,MPEG1,nonsynonymous SNV,0,1,1,0,_1531a.final.bam
chr11,58979598,58979599,G,T,2,0,MPEG1,nonsynonymous SNV,0,1,0,1,_1531a.final.bam
chr1,158589104,158589105,T,C,3,0,SPTA1,nonsynonymous SNV,3,1,0,1,_1531a.final.bam
chr1,158637727,158637728,T,C,3,0,SPTA1,nonsynonymous SNV,6,1,0,1,_1531a.final.bam
chr1,158653174,158653175,G,A,1,0,SPTA1,nonsynonymous SNV,0,1,1,0,_1531a.final.bam
chr2,227660780,227660781,T,C,1,3,IRS1,nonsynonymous SNV,7,1,0,1,_1637a.final.bam
chr2,227661002,227661003,C,G,5,0,IRS1,nonsynonymous SNV,6,1,1,0,_1637a.final.bam
chr16,31129107,31129108,C,G,7,0,KAT8,nonsynonymous SNV,6,1,0,1,_1637a.final.bam
chr16,31142544,31142545,C,G,1,0,KAT8,nonsynonymous SNV,0,1,1,0,_1637a.final.bam
chr18,22804373,22804374,T,C,1,1,ZNF521,nonsynonymous SNV,1,1,0,1,_1637a.final.bam
chr18,22806980,22806981,C,T,3,0,ZNF521,nonsynonymous SNV,0,1,1,0,_1637a.final.bam
chr17,66873708,66873709,C,T,1,0,ABCA8,nonsynonymous SNV,6,1,0,1,_1759a.final.bam
chr17,66914219,66914220,G,C,1,0,ABCA8,nonsynonymous SNV,1,1,1,0,_1759a.final.bam
chr17,11648260,11648261,A,G,1,0,DNAH9,nonsynonymous SNV,5,1,0,1,_1759a.final.bam
chr17,11833225,11833226,A,T,1,0,DNAH9,nonsynonymous SNV,0,1,1,0,_1759a.final.bam
chr17,11872709,11872710,C,T,1,1,DNAH9,nonsynonymous SNV,1,1,1,0,_1759a.final.bam
chr14,103806132,103806133,C,G,1,0,EIF5,nonsynonymous SNV,0,1,1,0,_1759a.final.bam
chr14,103806778,103806779,G,A,1,0,EIF5,nonsynonymous SNV,0,1,0,1,_1759a.final.bam
chr9,138516288,138516289,A,G,1,0,GLT6D1,nonsynonymous SNV,0,1,0,1,_1759a.final.bam
chr9,138516493,138516494,G,T,1,0,GLT6D1,nonsynonymous SNV,0,1,1,0,_1759a.final.bam
chr20,62196386,62196387,C,T,1,0,HELZ2,nonsynonymous SNV,0,1,1,0,_1759a.final.bam
chr20,62200156,62200157,A,C,1,0,HELZ2,nonsynonymous SNV,0,1,0,1,_1759a.final.bam
chr11,61897831,61897832,G,A,1,1,INCENP,nonsynonymous SNV,2,1,1,0,_1759a.final.bam
chr11,61913143,61913144,C,T,1,0,INCENP,nonsynonymous SNV,5,1,0,1,_1759a.final.bam
chr14,50732171,50732172,T,C,1,1,L2HGDH,nonsynonymous SNV,2,1,0,1,_1759a.final.bam
chr14,50778769,50778770,C,A,2,0,L2HGDH,nonsynonymous SNV,4,1,1,0,_1759a.final.bam
chr4,72994415,72994416,C,G,1,0,NPFFR2,nonsynonymous SNV,0,1,1,0,_1759a.final.bam
chr4,73013167,73013168,A,G,1,0,NPFFR2,nonsynonymous SNV,0,1,0,1,_1759a.final.bam
chr11,56114104,56114105,C,G,1,0,OR8K1,nonsynonymous SNV,4,1,1,0,_1759a.final.bam
chr11,56114169,56114170,T,C,1,1,OR8K1,nonsynonymous SNV,5,1,0,1,_1759a.final.bam
chr11,56114285,56114286,T,A,1,0,OR8K1,nonsynonymous SNV,4,1,1,0,_1759a.final.bam
chr5,32010444,32010445,G,A,1,0,PDZD2,nonsynonymous SNV,1,1,1,0,_1759a.final.bam
chr5,32074369,32074370,C,T,1,0,PDZD2,nonsynonymous SNV,0,1,0,1,_1759a.final.bam
chr8,144991204,144991205,C,T,1,0,PLEC,nonsynonymous SNV,6,1,0,1,_1759a.final.bam
chr8,144992911,144992912,C,T,1,0,PLEC,nonsynonymous SNV,0,1,0,1,_1759a.final.bam
chr8,144997417,144997418,C,T,1,0,PLEC,nonsynonymous SNV,0,1,1,0,_1759a.final.bam
chr8,10470526,10470527,C,T,1,0,RP1L1,nonsynonymous SNV,0,1,1,0,_1759a.final.bam
chr8,10480188,10480189,T,C,1,0,RP1L1,nonsynonymous SNV,3,1,0,1,_1759a.final.bam
chr1,118598361,118598362,A,G,1,0,SPAG17,nonsynonymous SNV,4,1,0,1,_1759a.final.bam
chr1,118727719,118727720,A,C,1,0,SPAG17,nonsynonymous SNV,1,1,1,0,_1759a.final.bam
chr9,32630164,32630165,T,C,2,0,TAF1L,nonsynonymous SNV,9,1,0,1,_1759a.final.bam
chr9,32635066,32635067,G,C,1,0,TAF1L,nonsynonymous SNV,3,1,1,0,_1759a.final.bam
chr9,135276847,135276848,G,A,1,0,TTF1,nonsynonymous SNV,0,1,0,1,_1759a.final.bam
chr9,135277268,135277269,C,G,1,0,TTF1,nonsynonymous SNV,0,1,1,0,_1759a.final.bam
chr20,57599308,57599309,A,G,1,0,TUBB1,nonsynonymous SNV,0,1,0,1,_1759a.final.bam
chr20,57599526,57599527,G,A,1,0,TUBB1,nonsynonymous SNV,1,1,1,0,_1759a.final.bam
chr11,122665450,122665451,C,T,1,1,UBASH3B,nonsynonymous SNV,3,1,0,1,_1759a.final.bam
chr11,122666887,122666888,G,A,1,1,UBASH3B,nonsynonymous SNV,2,1,1,0,_1759a.final.bam
chr20,47864145,47864146,A,C,1,0,ZNFX1,nonsynonymous SNV,0,1,1,0,_1759a.final.bam
chr20,47870206,47870207,T,C,1,0,ZNFX1,nonsynonymous SNV,0,1,0,1,_1759a.final.bam
chr4,169606647,169606648,A,T,5,2,PALLD,nonsynonymous SNV,5,1,0,1,_1826.a.CVID.Trio.SL70254_SL70254.exome_1tier.hg19.final.bam
chr4,169632886,169632887,G,C,2,0,PALLD,nonsynonymous SNV,0,1,1,0,_1826.a.CVID.Trio.SL70254_SL70254.exome_1tier.hg19.final.bam
chr1,118506440,118506441,C,T,2,2,SPAG17,nonsynonymous SNV,2,1,1,0,_1826.a.CVID.Trio.SL70254_SL70254.exome_1tier.hg19.final.bam
chr1,118644398,118644399,G,A,2,0,SPAG17,nonsynonymous SNV,0,1,0,1,_1826.a.CVID.Trio.SL70254_SL70254.exome_1tier.hg19.final.bam
chr4,169606647,169606648,A,T,5,2,PALLD,nonsynonymous SNV,5,1,0,1,_1827a.final.bam
chr4,169632886,169632887,G,C,2,0,PALLD,nonsynonymous SNV,0,1,1,0,_1827a.final.bam
chr1,118506440,118506441,C,T,2,2,SPAG17,nonsynonymous SNV,2,1,1,0,_1827a.final.bam
chr1,118644398,118644399,G,A,2,0,SPAG17,nonsynonymous SNV,0,1,0,1,_1827a.final.bam
